,Ta mere,,En slip
,Poutine,,Au toilette
,Mbappé,,fait de la zumba
,Kim Jong Un,,en Corée du Nord
,Trump,,fait une blague
,Micheal Jordan,,au zoo
,Messi,,vend de la drogue
,BigFlo,,qui regarde un film
,JUL,,passe le BAC
,Drake,,à la salle
,Naruto,,qui cabre
,Luffy,,en scoot
,Albert Einstein,,à l'ecole
,Harry Potter,,joue aux échecs
,Maitre Yoda,,à une manif
,Mandela,,sur la Lune
,Leonardo DiCaprio,,qui chuchotte
,Ton chien,,joue aux poker
,The Rock,,fait un snap
,Bradley Cooper ,,s'évade de prison
,Walter White,,au terrain de foot
,Dora,,fait du hand
,Bob l'éponge,,à la chicha
,Superman,,joue à LOL
,Selena Gomez,,sur Twitter
,Jeff Bezos,,Vagabonde
,Will Smith,,prend une vidéo
,Brad Pitt,,prend l'apéro
,Ninho,,qui stream
,Francois Hollande,,en Hollande
,Passe Partout,,fait du vélo
,Pere Fouras,,à l'accrobranche
,Jack Sparrow,,qui passe le code
,Bilal Hassani,,se présente aux élections
,Malcolm,,qui frappe son frère
,Morgan Freeman,,joue à la pétanque
,Shakira,,à l'hopital
,Harley Quinn,,à Ikea
,Jean Pierre Pernaut,,bat un reccord
,Emma Watson,,en Garde à vue
,Polskaa,,chez le coiffeur
,Scarlett Johansson,,en Australie
,Jennifer Aniston,,fait du paintball
,Rihanna,,fait une sieste
,Michael Jackson,,fait un monnwalk
,Remi Gaillard,,à la gaypride
,Philippe Etchebest,,dans un film x
,Dimitri Payet,,joue du ukulele
,Mister V,,à Koh Lanta
,Kim Kardashian,,au bois de boulogne